#!/bin/zsh -eu

# migrated from GitLab to GitHub, and also default/less-desirable HuGo hierarchy to simpler
# hierarchy, while preserving git history

function make-some-args() {
  for FI in content/[a-z]*.md; do
    TO=$(basename $FI .md)
    echo "--path $FI --path-rename $FI:$TO/index.html \\"
  done

  for FI in $(ls -d content/post/*/img); do
    echo "--path $FI --path-rename $FI/:img/ \\"
  done

  IFS=$'\n'
  for i in $(egrep ^date: $(find content/post/20* -name '*.md') |perl -pe 's/:date: / /'); do
    FI=$(echo "$i"|cut -f1 -d' ')
    ymd=$(echo "$i"|cut -f2 -d' ')
    ym=$(echo $ymd|cut -f1-2 -d'-')
    TO=$(echo "$FI"|perl -pe "s=^.*/20\d\d/\d\d=$ym=" |perl -pe 's=\.md$==')
    echo "--path $FI --path-rename $FI:$TO/index.html \\"
  done
  unset IFS
}

function files () {
	dirs="$@"
	[ "$#" = "0" ] && dirs=.
	find "$dirs" -type f 2>&1 | fgrep --color -v .git/ 2>&1 | sort
}


set -x

git clone gitlab.com:traceypooh/poohbot ~/d/poohbot
cd ~/d/poohbot

#   --path data/comments --path-rename data/comments/:comments/ \

git-filter-repo \
  --path .gitattributes \
  --path .gitignore \
  --path archetypes \
  --path config.toml \
  --path gogo \
  --path staticman.yml \
  --path strava2md \
  --path README.md \
  --path content/_index.md --path-rename content/_index.md:index.html \
  --path content/contact/_index.md --path-rename content/contact/_index.md:contact/_index.md \
  --path static --path-rename static/: \
  --path assets/js --path-rename assets/js/:js/ \
  --path content/about.md --path-rename content/about.md:about/index.html \
  --path content/aidslifecycle.md --path-rename content/aidslifecycle.md:aidslifecycle/index.html \
  --path content/biking.md --path-rename content/biking.md:biking/index.html \
  --path content/code.md --path-rename content/code.md:code/index.html \
  --path content/dumb-bunnies.md --path-rename content/dumb-bunnies.md:dumb-bunnies/index.html \
  --path content/europe.md --path-rename content/europe.md:europe/index.html \
  --path content/family.md --path-rename content/family.md:family/index.html \
  --path content/favorites.md --path-rename content/favorites.md:favorites/index.html \
  --path content/hunter.md --path-rename content/hunter.md:hunter/index.html \
  --path content/lapses.md --path-rename content/lapses.md:lapses/index.html \
  --path content/morgan-territory.md --path-rename content/morgan-territory.md:morgan-territory/index.html \
  --path content/mt-diablo-halfway.md --path-rename content/mt-diablo-halfway.md:mt-diablo-halfway/index.html \
  --path content/oil-sugar-beef.md --path-rename content/oil-sugar-beef.md:oil-sugar-beef/index.html \
  --path content/oldjs.md --path-rename content/oldjs.md:oldjs/index.html \
  --path content/palomares-canyon.md --path-rename content/palomares-canyon.md:palomares-canyon/index.html \
  --path content/photos.md --path-rename content/photos.md:photos/index.html \
  --path content/poohbot-pictures.md --path-rename content/poohbot-pictures.md:poohbot-pictures/index.html \
  --path content/protest.md --path-rename content/protest.md:protest/index.html \
  --path content/quotes.md --path-rename content/quotes.md:quotes/index.html \
  --path content/three-bears-and-mt-diablo.md --path-rename content/three-bears-and-mt-diablo.md:three-bears-and-mt-diablo/index.html \
  --path content/tours.md --path-rename content/tours.md:tours/index.html \
  --path content/training-rides.md --path-rename content/training-rides.md:training-rides/index.html \
  --path content/video.md --path-rename content/video.md:video/index.html \
  --path content/work.md --path-rename content/work.md:work/index.html \
  --path content/xslt.md --path-rename content/xslt.md:xslt/index.html \
  --path content/post/2006/img/ --path-rename content/post/2006/img/:img/ \
  --path content/post/2007/img/ --path-rename content/post/2007/img/:img/ \
  --path content/post/2008/img/ --path-rename content/post/2008/img/:img/ \
  --path content/post/2009/img/ --path-rename content/post/2009/img/:img/ \
  --path content/post/2010/img/ --path-rename content/post/2010/img/:img/ \
  --path content/post/2011/img/ --path-rename content/post/2011/img/:img/ \
  --path content/post/2012/img/ --path-rename content/post/2012/img/:img/ \
  --path content/post/2013/img/ --path-rename content/post/2013/img/:img/ \
  --path content/post/2014/img/ --path-rename content/post/2014/img/:img/ \
  --path content/post/2015/img/ --path-rename content/post/2015/img/:img/ \
  --path content/post/2017/img/ --path-rename content/post/2017/img/:img/ \
  --path content/post/2018/img/ --path-rename content/post/2018/img/:img/ \
  --path content/post/2019/img/ --path-rename content/post/2019/img/:img/ \
  --path content/post/2020/img/ --path-rename content/post/2020/img/:img/ \
  --path content/post/2021/img/ --path-rename content/post/2021/img/:img/ \
  --path content/post/2022/img/ --path-rename content/post/2022/img/:img/ \
  --path content/post/2023/img/ --path-rename content/post/2023/img/:img/ \
  --path content/post/2024/img/ --path-rename content/post/2024/img/:img/ \
  --path content/post/2006/04-hummingbird.md --path-rename content/post/2006/04-hummingbird.md:2006-04-hummingbird/index.html \
  --path content/post/2006/03-tour-of-california.md --path-rename content/post/2006/03-tour-of-california.md:2006-03-tour-of-california/index.html \
  --path content/post/2006/07-becoming-a-homeowner.md --path-rename content/post/2006/07-becoming-a-homeowner.md:2006-07-becoming-a-homeowner/index.html \
  --path content/post/2006/03-stones-jfk.md --path-rename content/post/2006/03-stones-jfk.md:2006-03-stones-jfk/index.html \
  --path content/post/2007/08-home-theater.md --path-rename content/post/2007/08-home-theater.md:2007-08-home-theater/index.html \
  --path content/post/2007/11-impeach-cheney-meeting-my-hero.md --path-rename content/post/2007/11-impeach-cheney-meeting-my-hero.md:2007-11-impeach-cheney-meeting-my-hero/index.html \
  --path content/post/2007/08-dont-try-and-run.md --path-rename content/post/2007/08-dont-try-and-run.md:2007-08-dont-try-and-run/index.html \
  --path content/post/2008/03-training-to-bike-first-aids-lifecycle-sf-to-la.md --path-rename content/post/2008/03-training-to-bike-first-aids-lifecycle-sf-to-la.md:2008-03-training-to-bike-first-aids-lifecycle-sf-to-la/index.html \
  --path content/post/2008/06-aids-lifecycle.md --path-rename content/post/2008/06-aids-lifecycle.md:2008-06-aids-lifecycle/index.html \
  --path content/post/2008/04-bike-gears-jamming-a-triple-into-a-double.md --path-rename content/post/2008/04-bike-gears-jamming-a-triple-into-a-double.md:2008-04-bike-gears-jamming-a-triple-into-a-double/index.html \
  --path content/post/2009/06-halfway-through-aids-lifecycle.md --path-rename content/post/2009/06-halfway-through-aids-lifecycle.md:2009-06-halfway-through-aids-lifecycle/index.html \
  --path content/post/2009/06-thank-you-donors.md --path-rename content/post/2009/06-thank-you-donors.md:2009-06-thank-you-donors/index.html \
  --path content/post/2009/03-traceys-new-domain-and-website.md --path-rename content/post/2009/03-traceys-new-domain-and-website.md:2009-03-traceys-new-domain-and-website/index.html \
  --path content/post/2009/06-finished-the-ride.md --path-rename content/post/2009/06-finished-the-ride.md:2009-06-finished-the-ride/index.html \
  --path content/post/2009/06-starting-day-6-2.md --path-rename content/post/2009/06-starting-day-6-2.md:2009-06-starting-day-6-2/index.html \
  --path content/post/2009/05-tracey-bike-accident-walks-away-scraped-but-ok.md --path-rename content/post/2009/05-tracey-bike-accident-walks-away-scraped-but-ok.md:2009-05-tracey-bike-accident-walks-away-scraped-but-ok/index.html \
  --path content/post/2009/04-breakfast-with-amy-goodman-of-democracy-now.md --path-rename content/post/2009/04-breakfast-with-amy-goodman-of-democracy-now.md:2009-04-breakfast-with-amy-goodman-of-democracy-now/index.html \
  --path content/post/2009/06-rain-delay-at-start-day6.md --path-rename content/post/2009/06-rain-delay-at-start-day6.md:2009-06-rain-delay-at-start-day6/index.html \
  --path content/post/2009/09-ffmpeg-for-time-lapse-sets-of-images-and-even-archiving.md --path-rename content/post/2009/09-ffmpeg-for-time-lapse-sets-of-images-and-even-archiving.md:2009-09-ffmpeg-for-time-lapse-sets-of-images-and-even-archiving/index.html \
  --path content/post/2009/04-ffmpeg-building-on-mac-intelx386.md --path-rename content/post/2009/04-ffmpeg-building-on-mac-intelx386.md:2009-04-ffmpeg-building-on-mac-intelx386/index.html \
  --path content/post/2009/05-its-ok-to-be-a-trl.md --path-rename content/post/2009/05-its-ok-to-be-a-trl.md:2009-05-its-ok-to-be-a-trl/index.html \
  --path content/post/2010/11-amazing-summer-trip-to-bali.md --path-rename content/post/2010/11-amazing-summer-trip-to-bali.md:2010-11-amazing-summer-trip-to-bali/index.html \
  --path content/post/2010/06-great-frontline-program-the-wounded-platoon.md --path-rename content/post/2010/06-great-frontline-program-the-wounded-platoon.md:2010-06-great-frontline-program-the-wounded-platoon/index.html \
  --path content/post/2010/04-star-wars-re-remastered-to-high-quality-1977-version.md --path-rename content/post/2010/04-star-wars-re-remastered-to-high-quality-1977-version.md:2010-04-star-wars-re-remastered-to-high-quality-1977-version/index.html \
  --path content/post/2010/09-another-great-indie-film.md --path-rename content/post/2010/09-another-great-indie-film.md:2010-09-another-great-indie-film/index.html \
  --path content/post/2010/06-updated-site.md --path-rename content/post/2010/06-updated-site.md:2010-06-updated-site/index.html \
  --path content/post/2010/06-kitty-shot.md --path-rename content/post/2010/06-kitty-shot.md:2010-06-kitty-shot/index.html \
  --path content/post/2010/09-marine-layer-in-bay-area.md --path-rename content/post/2010/09-marine-layer-in-bay-area.md:2010-09-marine-layer-in-bay-area/index.html \
  --path content/post/2010/10-sony-p-series-running-10-10-meerkat-ubuntu.md --path-rename content/post/2010/10-sony-p-series-running-10-10-meerkat-ubuntu.md:2010-10-sony-p-series-running-10-10-meerkat-ubuntu/index.html \
  --path content/post/2011/03-its-fun-to-drink-and-drive.md --path-rename content/post/2011/03-its-fun-to-drink-and-drive.md:2011-03-its-fun-to-drink-and-drive/index.html \
  --path content/post/2011/06-mole-rolls-to-freedom.md --path-rename content/post/2011/06-mole-rolls-to-freedom.md:2011-06-mole-rolls-to-freedom/index.html \
  --path content/post/2011/12-camaro-0-to-60-test.md --path-rename content/post/2011/12-camaro-0-to-60-test.md:2011-12-camaro-0-to-60-test/index.html \
  --path content/post/2011/10-double-awesome-art-in-financial-district.md --path-rename content/post/2011/10-double-awesome-art-in-financial-district.md:2011-10-double-awesome-art-in-financial-district/index.html \
  --path content/post/2011/05-awesome-artwork.md --path-rename content/post/2011/05-awesome-artwork.md:2011-05-awesome-artwork/index.html \
  --path content/post/2011/09-return-to-alma-mater.md --path-rename content/post/2011/09-return-to-alma-mater.md:2011-09-return-to-alma-mater/index.html \
  --path content/post/2011/05-star-wars-1977-reedit-night.md --path-rename content/post/2011/05-star-wars-1977-reedit-night.md:2011-05-star-wars-1977-reedit-night/index.html \
  --path content/post/2011/05-natively-compiling-ffmpeg-x264-mplayer-on-mac-with-builtin-x264-and-webm-encoding.md --path-rename content/post/2011/05-natively-compiling-ffmpeg-x264-mplayer-on-mac-with-builtin-x264-and-webm-encoding.md:2011-05-natively-compiling-ffmpeg-x264-mplayer-on-mac-with-builtin-x264-and-webm-encoding/index.html \
  --path content/post/2011/05-ifone2-lockup.md --path-rename content/post/2011/05-ifone2-lockup.md:2011-05-ifone2-lockup/index.html \
  --path content/post/2011/10-more-books-for-internet-archive.md --path-rename content/post/2011/10-more-books-for-internet-archive.md:2011-10-more-books-for-internet-archive/index.html \
  --path content/post/2011/04-internet-archive-holiday-party-time-lapse.md --path-rename content/post/2011/04-internet-archive-holiday-party-time-lapse.md:2011-04-internet-archive-holiday-party-time-lapse/index.html \
  --path content/post/2011/09-drifting-lotus-elise-on-playstation.md --path-rename content/post/2011/09-drifting-lotus-elise-on-playstation.md:2011-09-drifting-lotus-elise-on-playstation/index.html \
  --path content/post/2011/10-domain-change.md --path-rename content/post/2011/10-domain-change.md:2011-10-domain-change/index.html \
  --path content/post/2011/11-cute-scion-iq-coming-to-states.md --path-rename content/post/2011/11-cute-scion-iq-coming-to-states.md:2011-11-cute-scion-iq-coming-to-states/index.html \
  --path content/post/2011/04-the-train-from-spain-rides-mainly-on-the-plane.md --path-rename content/post/2011/04-the-train-from-spain-rides-mainly-on-the-plane.md:2011-04-the-train-from-spain-rides-mainly-on-the-plane/index.html \
  --path content/post/2011/11-bitchn-camaro.md --path-rename content/post/2011/11-bitchn-camaro.md:2011-11-bitchn-camaro/index.html \
  --path content/post/2011/05-star-wars-steampunk-amazing-art.md --path-rename content/post/2011/05-star-wars-steampunk-amazing-art.md:2011-05-star-wars-steampunk-amazing-art/index.html \
  --path content/post/2011/10-laundry-for-the-empire.md --path-rename content/post/2011/10-laundry-for-the-empire.md:2011-10-laundry-for-the-empire/index.html \
  --path content/post/2011/11-birthday-hike.md --path-rename content/post/2011/11-birthday-hike.md:2011-11-birthday-hike/index.html \
  --path content/post/2011/07-bloviate.md --path-rename content/post/2011/07-bloviate.md:2011-07-bloviate/index.html \
  --path content/post/2011/04-fun-with-ford-gt-in-gt5.md --path-rename content/post/2011/04-fun-with-ford-gt-in-gt5.md:2011-04-fun-with-ford-gt-in-gt5/index.html \
  --path content/post/2012/12-decaf-cb400a-reassembled-and-on-the-cruise.md --path-rename content/post/2012/12-decaf-cb400a-reassembled-and-on-the-cruise.md:2012-12-decaf-cb400a-reassembled-and-on-the-cruise/index.html \
  --path content/post/2012/06-luke-battling-darth-ascii-green.md --path-rename content/post/2012/06-luke-battling-darth-ascii-green.md:2012-06-luke-battling-darth-ascii-green/index.html \
  --path content/post/2012/04-google-maps-upgrades-to-8-bit-hi-res-today-8.md --path-rename content/post/2012/04-google-maps-upgrades-to-8-bit-hi-res-today-8.md:2012-04-google-maps-upgrades-to-8-bit-hi-res-today-8/index.html \
  --path content/post/2012/04-fun-bootie-mashup-dance-mix.md --path-rename content/post/2012/04-fun-bootie-mashup-dance-mix.md:2012-04-fun-bootie-mashup-dance-mix/index.html \
  --path content/post/2012/09-friday-beer-options.md --path-rename content/post/2012/09-friday-beer-options.md:2012-09-friday-beer-options/index.html \
  --path content/post/2012/02-my-town-1947-style.md --path-rename content/post/2012/02-my-town-1947-style.md:2012-02-my-town-1947-style/index.html \
  --path content/post/2012/05-luke-battling-darth-ascii.md --path-rename content/post/2012/05-luke-battling-darth-ascii.md:2012-05-luke-battling-darth-ascii/index.html \
  --path content/post/2012/11-test-fit-of-decaf-cb400a-smaller-speedometer-instrument-lights.md --path-rename content/post/2012/11-test-fit-of-decaf-cb400a-smaller-speedometer-instrument-lights.md:2012-11-test-fit-of-decaf-cb400a-smaller-speedometer-instrument-lights/index.html \
  --path content/post/2012/10-replacing-cb400a-instruments-to-smaller-cafe-racer-style.md --path-rename content/post/2012/10-replacing-cb400a-instruments-to-smaller-cafe-racer-style.md:2012-10-replacing-cb400a-instruments-to-smaller-cafe-racer-style/index.html \
  --path content/post/2012/06-convert-yuvj420p-to-yuv420p-chrome-playable-mp4-video-eg-canonnikon-video.md --path-rename content/post/2012/06-convert-yuvj420p-to-yuv420p-chrome-playable-mp4-video-eg-canonnikon-video.md:2012-06-convert-yuvj420p-to-yuv420p-chrome-playable-mp4-video-eg-canonnikon-video/index.html \
  --path content/post/2012/11-decaf-1978-honda-cb400a-speedometer-and-instruments-replaced.md --path-rename content/post/2012/11-decaf-1978-honda-cb400a-speedometer-and-instruments-replaced.md:2012-11-decaf-1978-honda-cb400a-speedometer-and-instruments-replaced/index.html \
  --path content/post/2012/09-on-to-rafting-adventure-long-weekend-via-salt-lake.md --path-rename content/post/2012/09-on-to-rafting-adventure-long-weekend-via-salt-lake.md:2012-09-on-to-rafting-adventure-long-weekend-via-salt-lake/index.html \
  --path content/post/2012/02-deinterlacing-2323-telecine-video-into-fields-for-visual-analysis.md --path-rename content/post/2012/02-deinterlacing-2323-telecine-video-into-fields-for-visual-analysis.md:2012-02-deinterlacing-2323-telecine-video-into-fields-for-visual-analysis/index.html \
  --path content/post/2012/01-natively-compiling-ffmpeg-mplayer-mencoder-on-macos-lion-with-x264.md --path-rename content/post/2012/01-natively-compiling-ffmpeg-mplayer-mencoder-on-macos-lion-with-x264.md:2012-01-natively-compiling-ffmpeg-mplayer-mencoder-on-macos-lion-with-x264/index.html \
  --path content/post/2012/10-decaf-honda-cb400a-replacement-consolidated-speedometer-ordered.md --path-rename content/post/2012/10-decaf-honda-cb400a-replacement-consolidated-speedometer-ordered.md:2012-10-decaf-honda-cb400a-replacement-consolidated-speedometer-ordered/index.html \
  --path content/post/2012/11-honda-cb400a-fixing-turn-signal-and-neutral-leds-to-new-speedometer.md --path-rename content/post/2012/11-honda-cb400a-fixing-turn-signal-and-neutral-leds-to-new-speedometer.md:2012-11-honda-cb400a-fixing-turn-signal-and-neutral-leds-to-new-speedometer/index.html \
  --path content/post/2012/09-shuttle-endeavour-flies-by-us-by-golden-gate-today-twice.md --path-rename content/post/2012/09-shuttle-endeavour-flies-by-us-by-golden-gate-today-twice.md:2012-09-shuttle-endeavour-flies-by-us-by-golden-gate-today-twice/index.html \
  --path content/post/2012/01-iphone-and-external-mic-sennheiser-mke-400-can-rule-the-galaxy.md --path-rename content/post/2012/01-iphone-and-external-mic-sennheiser-mke-400-can-rule-the-galaxy.md:2012-01-iphone-and-external-mic-sennheiser-mke-400-can-rule-the-galaxy/index.html \
  --path content/post/2012/10-decaf-honda-cb500-automatic-cafe-racer-ive-been-a-bad-girl-today.md --path-rename content/post/2012/10-decaf-honda-cb500-automatic-cafe-racer-ive-been-a-bad-girl-today.md:2012-10-decaf-honda-cb500-automatic-cafe-racer-ive-been-a-bad-girl-today/index.html \
  --path content/post/2013/02-new-php-htm-mode-for-emacs-intermixed-php-html-js-and-css-using-multi-modes.md --path-rename content/post/2013/02-new-php-htm-mode-for-emacs-intermixed-php-html-js-and-css-using-multi-modes.md:2013-02-new-php-htm-mode-for-emacs-intermixed-php-html-js-and-css-using-multi-modes/index.html \
  --path content/post/2013/11-play-motion-jpeg-video-using-javascript-in-browser-no-plugins-minimal-js.md --path-rename content/post/2013/11-play-motion-jpeg-video-using-javascript-in-browser-no-plugins-minimal-js.md:2013-11-play-motion-jpeg-video-using-javascript-in-browser-no-plugins-minimal-js/index.html \
  --path content/post/2013/02-today-i-did-my-first-oil-and-oil-filter-change-ever-honda-cb400a-decaf.md --path-rename content/post/2013/02-today-i-did-my-first-oil-and-oil-filter-change-ever-honda-cb400a-decaf.md:2013-02-today-i-did-my-first-oil-and-oil-filter-change-ever-honda-cb400a-decaf/index.html \
  --path content/post/2013/02-how-to-turn-time-machine-from-disk-with-many-partitions-to-single-partition-logically-extending-time-machine-partition.md --path-rename content/post/2013/02-how-to-turn-time-machine-from-disk-with-many-partitions-to-single-partition-logically-extending-time-machine-partition.md:2013-02-how-to-turn-time-machine-from-disk-with-many-partitions-to-single-partition-logically-extending-time-machine-partition/index.html \
  --path content/post/2013/09-new-bay-bridge-span-opens-vlog-1st-person-motorcycle-ride-across.md --path-rename content/post/2013/09-new-bay-bridge-span-opens-vlog-1st-person-motorcycle-ride-across.md:2013-09-new-bay-bridge-span-opens-vlog-1st-person-motorcycle-ride-across/index.html \
  --path content/post/2013/06-how-to-stop-indoor-cat-pee.md --path-rename content/post/2013/06-how-to-stop-indoor-cat-pee.md:2013-06-how-to-stop-indoor-cat-pee/index.html \
  --path content/post/2013/07-anthony-weiner-lewd-texting-after-leaving-politics.md --path-rename content/post/2013/07-anthony-weiner-lewd-texting-after-leaving-politics.md:2013-07-anthony-weiner-lewd-texting-after-leaving-politics/index.html \
  --path content/post/2013/12-puzzle-classic-game-with-css-and-js.md --path-rename content/post/2013/12-puzzle-classic-game-with-css-and-js.md:2013-12-puzzle-classic-game-with-css-and-js/index.html \
  --path content/post/2013/04-made-my-own-heat-duct-reducer-today-for-25-in-only-two-hours.md --path-rename content/post/2013/04-made-my-own-heat-duct-reducer-today-for-25-in-only-two-hours.md:2013-04-made-my-own-heat-duct-reducer-today-for-25-in-only-two-hours/index.html \
  --path content/post/2013/02-simple-way-to-make-h-264-mp4-web-and-iosmobile-playable-video-mp4-files-for-linux-and-macosx-using-ffmpeg.md --path-rename content/post/2013/02-simple-way-to-make-h-264-mp4-web-and-iosmobile-playable-video-mp4-files-for-linux-and-macosx-using-ffmpeg.md:2013-02-simple-way-to-make-h-264-mp4-web-and-iosmobile-playable-video-mp4-files-for-linux-and-macosx-using-ffmpeg/index.html \
  --path content/post/2013/01-decaf-1978-honda-cb400a-running-and-instruments-working.md --path-rename content/post/2013/01-decaf-1978-honda-cb400a-running-and-instruments-working.md:2013-01-decaf-1978-honda-cb400a-running-and-instruments-working/index.html \
  --path content/post/2013/10-wow-that-was-2011-3-wyden.md --path-rename content/post/2013/10-wow-that-was-2011-3-wyden.md:2013-10-wow-that-was-2011-3-wyden/index.html \
  --path content/post/2013/02-morgan-territory-motorcyclin-85-mile-east-bay-loop-around-mt-diablo-with-honda-cb400a-decaf.md --path-rename content/post/2013/02-morgan-territory-motorcyclin-85-mile-east-bay-loop-around-mt-diablo-with-honda-cb400a-decaf.md:2013-02-morgan-territory-motorcyclin-85-mile-east-bay-loop-around-mt-diablo-with-honda-cb400a-decaf/index.html \
  --path content/post/2013/08-vietnam-vader-helmet.md --path-rename content/post/2013/08-vietnam-vader-helmet.md:2013-08-vietnam-vader-helmet/index.html \
  --path content/post/2013/10-time-lapse-overlooking-the-san-francisco-bay-on-labor-day-with-a-150-foot-tree-removal.md --path-rename content/post/2013/10-time-lapse-overlooking-the-san-francisco-bay-on-labor-day-with-a-150-foot-tree-removal.md:2013-10-time-lapse-overlooking-the-san-francisco-bay-on-labor-day-with-a-150-foot-tree-removal/index.html \
  --path content/post/2014/05-decaf-front-brake-fix-fluid-flush-and-bleed-1978-honda-cb-400a.md --path-rename content/post/2014/05-decaf-front-brake-fix-fluid-flush-and-bleed-1978-honda-cb-400a.md:2014-05-decaf-front-brake-fix-fluid-flush-and-bleed-1978-honda-cb-400a/index.html \
  --path content/post/2014/09-hyper-green-magic-green-magic-man-kawasaki-zx-6-motorcycle-hyperlapse-route-1-ca.md --path-rename content/post/2014/09-hyper-green-magic-green-magic-man-kawasaki-zx-6-motorcycle-hyperlapse-route-1-ca.md:2014-09-hyper-green-magic-green-magic-man-kawasaki-zx-6-motorcycle-hyperlapse-route-1-ca/index.html \
  --path content/post/2014/12-rejoice-the-angel-poohbot-brings-you-good-tidings.md --path-rename content/post/2014/12-rejoice-the-angel-poohbot-brings-you-good-tidings.md:2014-12-rejoice-the-angel-poohbot-brings-you-good-tidings/index.html \
  --path content/post/2015/09-save-the-decaf-rebuilding-and-renewing-the-engine-of-1978-cb400a-honda-motorcycle-named-decaf.md --path-rename content/post/2015/09-save-the-decaf-rebuilding-and-renewing-the-engine-of-1978-cb400a-honda-motorcycle-named-decaf.md:2015-09-save-the-decaf-rebuilding-and-renewing-the-engine-of-1978-cb400a-honda-motorcycle-named-decaf/index.html \
  --path content/post/2015/06-hacking-apple-watch-to-a-cuff-bracelet-custom-watch.md --path-rename content/post/2015/06-hacking-apple-watch-to-a-cuff-bracelet-custom-watch.md:2015-06-hacking-apple-watch-to-a-cuff-bracelet-custom-watch/index.html \
  --path content/post/2015/08-fixing-1978-honda-cb400a-always-on-neutral-light-decaf-project-bike.md --path-rename content/post/2015/08-fixing-1978-honda-cb400a-always-on-neutral-light-decaf-project-bike.md:2015-08-fixing-1978-honda-cb400a-always-on-neutral-light-decaf-project-bike/index.html \
  --path content/post/2015/05-slide-responsively-minimal-standalone-htmcssjs-inspired-by-sliding-door-from-wayne-connor.md --path-rename content/post/2015/05-slide-responsively-minimal-standalone-htmcssjs-inspired-by-sliding-door-from-wayne-connor.md:2015-05-slide-responsively-minimal-standalone-htmcssjs-inspired-by-sliding-door-from-wayne-connor/index.html \
  --path content/post/2015/02-embeddable-book-from-my-work.md --path-rename content/post/2015/02-embeddable-book-from-my-work.md:2015-02-embeddable-book-from-my-work/index.html \
  --path content/post/2017/08-arkit-beta-excitement-building.md --path-rename content/post/2017/08-arkit-beta-excitement-building.md:2017-08-arkit-beta-excitement-building/index.html \
  --path content/post/2017/08-house-remodel-sketchup-3d-vr-model-visualized-on-sketchfab.md --path-rename content/post/2017/08-house-remodel-sketchup-3d-vr-model-visualized-on-sketchfab.md:2017-08-house-remodel-sketchup-3d-vr-model-visualized-on-sketchfab/index.html \
  --path content/post/2017/08-walk-through-sketchup-large-models-in-arkit-perfect-for-home-remodels-and-projects.md --path-rename content/post/2017/08-walk-through-sketchup-large-models-in-arkit-perfect-for-home-remodels-and-projects.md:2017-08-walk-through-sketchup-large-models-in-arkit-perfect-for-home-remodels-and-projects/index.html \
  --path content/post/2017/09-responsive-masonic-tiles-using-css-grid-no-js-no-flexbox.md --path-rename content/post/2017/09-responsive-masonic-tiles-using-css-grid-no-js-no-flexbox.md:2017-09-responsive-masonic-tiles-using-css-grid-no-js-no-flexbox/index.html \
  --path content/post/2018/06-star-words-star-wars-trilogy-scripts-word-cloud.md --path-rename content/post/2018/06-star-words-star-wars-trilogy-scripts-word-cloud.md:2018-06-star-words-star-wars-trilogy-scripts-word-cloud/index.html \
  --path content/post/2018/03-recursion-which-is-a-way-to-call-yourself-via-recursion-which-is-a-way-to-call-yourself-via-recursion.md --path-rename content/post/2018/03-recursion-which-is-a-way-to-call-yourself-via-recursion-which-is-a-way-to-call-yourself-via-recursion.md:2018-03-recursion-which-is-a-way-to-call-yourself-via-recursion-which-is-a-way-to-call-yourself-via-recursion/index.html \
  --path content/post/2019/10-kauai-anniversary-surprise.md --path-rename content/post/2019/10-kauai-anniversary-surprise.md:2019-10-kauai-anniversary-surprise/index.html \
  --path content/post/2019/06-house-design-railing.md --path-rename content/post/2019/06-house-design-railing.md:2019-06-house-design-railing/index.html \
  --path content/post/2019/09-techo-tuesday-javascript-es6-and-es-modules.md --path-rename content/post/2019/09-techo-tuesday-javascript-es6-and-es-modules.md:2019-09-techo-tuesday-javascript-es6-and-es-modules/index.html \
  --path content/post/2019/09-techo-tuesday-make-a-free-website-static-site-generators-and-hugo.md --path-rename content/post/2019/09-techo-tuesday-make-a-free-website-static-site-generators-and-hugo.md:2019-09-techo-tuesday-make-a-free-website-static-site-generators-and-hugo/index.html \
  --path content/post/2019/08-meesa-3-k8s-annie.md --path-rename content/post/2019/08-meesa-3-k8s-annie.md:2019-08-meesa-3-k8s-annie/index.html \
  --path content/post/2019/10-techo-tuesday-dark-mode.md --path-rename content/post/2019/10-techo-tuesday-dark-mode.md:2019-10-techo-tuesday-dark-mode/index.html \
  --path content/post/2019/03-something-petabox-tree.md --path-rename content/post/2019/03-something-petabox-tree.md:2019-03-something-petabox-tree/index.html \
  --path content/post/2020/11-dutch-appeltart-pie.md --path-rename content/post/2020/11-dutch-appeltart-pie.md:2020-11-dutch-appeltart-pie/index.html \
  --path content/post/2020/05-techo-tuesday-javascript-es-modules-test-and-coverage-without-babel.md --path-rename content/post/2020/05-techo-tuesday-javascript-es-modules-test-and-coverage-without-babel.md:2020-05-techo-tuesday-javascript-es-modules-test-and-coverage-without-babel/index.html \
  --path content/post/2020/07-like-kubernetes-k3s-is-dead-on-floor-fast.md --path-rename content/post/2020/07-like-kubernetes-k3s-is-dead-on-floor-fast.md:2020-07-like-kubernetes-k3s-is-dead-on-floor-fast/index.html \
  --path content/post/2020/02-hunter-birthday-50.md --path-rename content/post/2020/02-hunter-birthday-50.md:2020-02-hunter-birthday-50/index.html \
  --path content/post/2021/04-vscode-in-browser--for-mobile-and-more.md --path-rename content/post/2021/04-vscode-in-browser--for-mobile-and-more.md:2021-04-vscode-in-browser--for-mobile-and-more/index.html \
  --path content/post/2021/12-deno-oh-my-gawd-deno.md --path-rename content/post/2021/12-deno-oh-my-gawd-deno.md:2021-12-deno-oh-my-gawd-deno/index.html \
  --path content/post/2022/07-biking-rocks-and-being-silly.md --path-rename content/post/2022/07-biking-rocks-and-being-silly.md:2022-07-biking-rocks-and-being-silly/index.html \
  --path content/post/2022/06-gravel-bike-upgrades.md --path-rename content/post/2022/06-gravel-bike-upgrades.md:2022-06-gravel-bike-upgrades/index.html \
  --path content/post/2022/06-gravel-race-lost-and-found-tahoe.md --path-rename content/post/2022/06-gravel-race-lost-and-found-tahoe.md:2022-06-gravel-race-lost-and-found-tahoe/index.html \
  --path content/post/2022/05-new-shoes-day--tracey-loves-candy.md --path-rename content/post/2022/05-new-shoes-day--tracey-loves-candy.md:2022-05-new-shoes-day--tracey-loves-candy/index.html \
  --path content/post/2022/10-life-this-year.md --path-rename content/post/2022/10-life-this-year.md:2022-10-life-this-year/index.html \
  --path content/post/2022/03-road-trek-driving-2000-miles-for-a-gravel-bike.md --path-rename content/post/2022/03-road-trek-driving-2000-miles-for-a-gravel-bike.md:2022-03-road-trek-driving-2000-miles-for-a-gravel-bike/index.html \
  --path content/post/2022/01-traceys-tamalpais-thirty-3t.md --path-rename content/post/2022/01-traceys-tamalpais-thirty-3t.md:2022-01-traceys-tamalpais-thirty-3t/index.html \
  --path content/post/2022/01-gravel-bikes.md --path-rename content/post/2022/01-gravel-bikes.md:2022-01-gravel-bikes/index.html \
  --path content/post/2023/03-gravelbike-mt-tam-muir-beach-highway-1-ocean.md --path-rename content/post/2023/03-gravelbike-mt-tam-muir-beach-highway-1-ocean.md:2023-02-gravelbike-mt-tam-muir-beach-highway-1-ocean/index.html \
  --path content/post/2023/01-dirty-choo-choo-it-s-an-annual-thing.md --path-rename content/post/2023/01-dirty-choo-choo-it-s-an-annual-thing.md:2023-01-dirty-choo-choo-it-s-an-annual-thing/index.html \
  --path content/post/2023/06-first-week-of-phoenix-bike.md --path-rename content/post/2023/06-first-week-of-phoenix-bike.md:2023-06-first-week-of-phoenix-bike/index.html \
  --path content/post/2023/06-lost-found-race-won-womens-100-mile-50-years-and-up.md --path-rename content/post/2023/06-lost-found-race-won-womens-100-mile-50-years-and-up.md:2023-06-lost-found-race-won-womens-100-mile-50-years-and-up/index.html \
  --path content/post/2023/12-photos-of-the-year.md --path-rename content/post/2023/12-photos-of-the-year.md:2023-12-photos-of-the-year/index.html \
  --path content/post/2023/02-gravel-race-rock-cobbler-in-bakersfield-ca.md --path-rename content/post/2023/02-gravel-race-rock-cobbler-in-bakersfield-ca.md:2023-02-gravel-race-rock-cobbler-in-bakersfield-ca/index.html \
  --path content/post/2023/05-grinduro-mt-shasta-61-haaard-miles.md --path-rename content/post/2023/05-grinduro-mt-shasta-61-haaard-miles.md:2023-05-grinduro-mt-shasta-61-haaard-miles/index.html \
  --path content/post/2023/11-first-big-break.md --path-rename content/post/2023/11-first-big-break.md:2023-11-first-big-break/index.html \
  --path content/post/2023/12-bought-a-jeep.md --path-rename content/post/2023/12-bought-a-jeep.md:2023-12-bought-a-jeep/index.html \
  --path content/post/2024/04-sedona-death-valley-grand-canyon.md --path-rename content/post/2024/04-sedona-death-valley-grand-canyon.md:2024-04-sedona-death-valley-grand-canyon/index.html

# BLARG! lost 3h fighting these 6 files w/ messed up git LFS references -- ultimately, dodged it
# by "deleting" them from the importing, and import them w/ new commits later
git filter-repo \
 --invert-paths --path img/yo-dawg-recursion-recursion.jpg\
 --invert-paths --path img/star-wars-cloud.jpg\
 --invert-paths --path img/T00100200100.jpg\
 --invert-paths --path img/luke-battling-darth-ascii-bw.jpg\
 --invert-paths --path img/park-city3.jpg\
 --invert-paths --path img/hugo.png\
 --invert-paths --path img/main/logo.jpg
  # NOTE: last 2 i think were references to theme submodule...


exit 0


# Create a new project (here named `poohbot`) without a README or anything else,
# so we can push to it without issue.
git remote add origin github.com:traceypooh/poohbot.git

git push --set-upstream origin --all


# NOTE: https://github.com/traceypooh/poohtini checked out next to poohbot


# fix & push
perl -i -pe 's=/post/20../img/=../img/=g' */*.html

# weird fix & push
cp ../poohtini/img/new-bike.jpg img/

# manually fix & push
gg ../../../img/traceymonet.jpg
gg ../../../img/diablo-2009-10-25.jpg


# add & push
rsync -Pav ../poohtini/comments/ comments/

# get the missing 5 files
( cd ../poohtini && cp img/yo-dawg-recursion-recursion.jpg  img/star-wars-cloud.jpg  img/T00100200100.jpg    img/luke-battling-darth-ascii-bw.jpg  img/park-city3.jpg   ../poohbot )



# manually resolve later
echo Only in GL: wp.jpg


# manually resolve
colordiff -r ../poohtini/index.html ./index.html
colordiff -r ../poohtini/staticman.yml ./staticman.yml



```markdown
# xxx for GH Action deploy, delete:
- .git*
- bin
- comments
- config.toml
- staticman.yml
- README.md?
```